Agglo_CLusters,Eccentricity,Aspect Ratio,Elongation,Solidity,Stochastic Convexity,Isoperimetric Factor,Maximal Indentation Depth,Lobedness,Average Intensity, Average Contrast,Smoothness, Third moment,Uniformity,Entropy,Freq
0,0.567501194,1.32828806,0.621069701,0.798108881,0.918690224,0.270270269,0.083386138,0.874230112,0.047927521,0.12080597,0.016217912,0.005436193,0.000281956,1.167790299,67
1,0.690712241,1.751058621,0.443135517,0.949777414,0.98953431,0.597923966,0.026951366,0.18360734,0.109556784,0.201206724,0.03852752,0.011667841,0.000852488,1.964539655,58
2,0.990278,4.002837143,0.882632571,0.899610286,0.966629429,0.212174,0.04397313,0.361650193,0.020167026,0.078055543,0.006487697,0.002116292,8.70E-05,0.605371429,35
3,0.733371111,1.755784444,0.424849278,0.958042667,0.994542667,0.668920111,0.017170662,0.082495753,0.039666256,0.110255028,0.013326036,0.004530736,0.00027531,1.010671722,180
