clusters,spending,advance_payments,probability_of_full_payment,current_balance,credit_limit,min_payment_amt,max_spent_in_single_shopping,Freq
1,18.371428571428567,16.14542857142857,0.8844,6.15817142857143,3.684628571428572,3.6391571428571434,6.017371428571428,70
2,13.08557142857143,13.76621428571429,0.8643375892857146,5.363714285714285,3.0455928571428577,3.726353214285715,5.103421428571426,140
