clusters,spending,advance_payments,probability_of_full_payment,current_balance,credit_limit,min_payment_amt,max_spent_in_single_shopping,Freq
1,18.371428571428567,16.14542857142857,0.8844,6.15817142857143,3.684628571428572,3.6391571428571434,6.017371428571428,70
2,11.872388059701493,13.257014925373136,0.8481546641791048,5.238940298507461,2.8485373134328356,4.940302238805969,5.122208955223879,67
3,14.199041095890408,14.233561643835612,0.8791904109589038,5.478232876712326,3.22645205479452,2.6121808219178084,5.086178082191782,73
